Day,FraudRate,RowCount
5,0.001727485630620034,284807
15,0.001727485630620034,284807
25,0.005164613301328593,285791
